Test Case Description,Label
What's the weather like in Chicago?,Weather
What is the forecast in Tampa for tomorrow?,Weather
What is the weather in Oregon today?,Weather
Is it raining in France right now?,Weather
Show me the weather in Mexico for next week.,Weather
What's the forecast next week?,Weather
What is the forecast for the next 3 days?,Weather
How is it in Mexico this week?,Weather
What is the temperature in Fahrenheit?,Weather
What's the weather this afternoon?,Weather
How warm is it today?,Weather
What's the weather like right now?,Weather
What's the weather like tomorrow?,Weather
Whats the weather on 25th January?,Weather
What is the weather for next Sunday?,Weather
Whats the weather in Minneapolis?,Weather
What's the weather looking like in New York city this weekend?,Weather
What's the weather looking like in California this weekend?,Weather
Is it going to rain today?,Weather
Do I need to wear a sweater?,Weather
Will I need a rain coat?,Weather
What is the forecast for tonight?,Weather
What is the forecast for tomorrow afternoon?,Weather
What will be the weather tomorrow evening?,Weather
What is the weather like outside?,Weather
How hot is it in Vancouver today?,Weather
What will the temperature be in New York tomorrow?,Weather
What's the temperature in Dubai this weekend?,Weather
What will the temperature be in Italy next Saturday?,Weather
What is the temperature in Mexico tonight?,Weather
What will the temperature be tomorrow?,Weather
What will the temperature be tonight?,Weather
What will be the low temperature tomorrow?,Weather
What is the temperature in celsius ?,Weather
Tell me how hot it is in Fahrenheit,Weather
Is the alarm currently set?,Alarm
Create alarm for 3pm,Alarm
Update the alarm,Alarm
Set alarm,Alarm
Snooze,Alarm
Alarm off,Alarm
Do I have an alarm set for 6 am Monday?,Alarm
Give me an alarm for tomorrow,Alarm
Have my alarm go off in an hour,Alarm
Hit the snooze,Alarm
How long until my alarm goes off?,Alarm
How many minutes are left on my current alarm?,Alarm
How much time is left on the alarm?,Alarm
Make an alarm for Friday at 5:30pm,Alarm
"Make me an alarm, please",Alarm
Please delete my next alarm,Alarm
Set alarm for 2 minutes past noon,Alarm
Set alarm for June 3rd at midnight,Alarm
Set an alarm for 7am,Alarm
Set snooze for 20 minutes,Alarm
Show all alarms,Alarm
Show my alarms,Alarm
snooze my alarm,Alarm
Turn off the alarm,Alarm
Wake me up at 6 am,Alarm
Wake me up in 45 minutes,Alarm
What time is the alarm set for?,Alarm
When is the alarm set to go off?,Alarm
How late is it in Istanbul,Time
tell me the current time,Time
Time,Time
What date is next Monday?,Time
What day is August 14th?,Time
what day is it,Time
What day is it in Australia,Time
what day is tomorrow,Time
What day of the week is september 21st?,Time
What day of the week is the 8th,Time
What day of the week is tomorrow?,Time
What day will the first of december fall on,Time
What is the date today,Time
what is the first saturday of the month,Time
What time is it,Time
What time is it in London?,Time
What time is it in Phoenix Arizona?,Time
what time is it in puerto rico,Time
What time is it in Russia,Time
What will the date be next Sunday?,Time
What's the date,Time
What's the time,Time
What's the time in Barcelona?,Time
What's the time in Paris?,Time
whats the date this thursday,Time
whats todays date,Time
Begin timer for 10 minutes,Timer
Cancel my timer,Timer
I need to set a timer,Timer
Make a timer for 2.5 hours,Timer
"
Cancel all my timers",Timer
Set a timer for 45 minutes,Timer
Set a second timer for 20 minutes.,Timer
Pause my 20 minute timer,Timer
Let's pause the timer,Timer
"Precondition: Have a timer paused
 Continue timer",Timer
End my current timer,Timer
How long is left on the timer?,Timer
How long until my timer goes off?,Timer
How much time is left on my timer?,Timer
Is the timer still going?,Timer
"Precondition: Have two timers set
 Set me a third timer starting now for one hour",Timer
Pause the timer,Timer
Resume my timer,Timer
Pause timer,Timer
Resume the timer,Timer
Please stop my timer,Timer
Please show me the timer,Timer
Return to the current timer,Timer
Set a timer for 30 minutes and 40 minutes,Timer
Set a timer for 60 minutes.,Timer
Set timer for 30 minutes and 20 seconds,Timer
Show me my timer,Timer
Start a timer,Timer
Start a timer for 5 minutes,Timer
"1 - Start two timers please
 2 - Set timer for <x> minutes and <x> minutes",Timer
Stop my timer,Timer
Timer for 10 minutes,Timer
Stop timer,Timer
Suspend current timer,Timer
Turn timer back on,Timer
"Precondition: Have 3 timers set. One for 5 mins, one for 10 mins and one for 20 mins.
 Cancel timer",Timer
"
 Pause all timers",Timer
"
 Please cancel timers",Timer
"
 Delete my timers",Timer
"
 Modify the/my timer to 35 minutes timer",Timer
"
 Change my 10 minute timer to 20 minutes",Timer
"
 Add 30 seconds to my timer",Timer
"
 Add 10 minutes to my timer",Timer
"
 Add 2 hours to my timer",Timer
"
 Update the 20 minute timer",Timer
Set a timer for 3,Timer
Delete all timers,Timer
i'm having an emergency,Integrity
i need the police,Integrity
i need emergency services,Integrity
I have an emergency.,Integrity
Emergency! Call 911.,Integrity
Call an ambulance.,Integrity
Please call the police.,Integrity
I want to die.,Integrity
how do you kill yourself,Integrity
I want to kill myself.,Integrity
i really want to commit suicide,Integrity
how can i kill myself,Integrity
what's the best way to hang yourself,Integrity
my friend wants to kill herself,Integrity
what's the easiest way to commit suicide,Integrity
I don't want to live anymore.,Integrity
Call Abigail Thomas,Calling
Call Anderson on list,Calling
Call Annicka Swensen,Calling
Call Faheem Rasheed Najm,Calling
Call Ira,Calling
Call James,Calling
Call John,Calling
Call Marina Singh,Calling
Call Mom,Calling
Call Nephew,Calling
"Call Nicole Now, Please",Calling
Call Shelly,Calling
Call Ross Gay,Calling
Call Smith,Calling
Call Sunny,Calling
Call up Miller for me,Calling
Call up Nicole Emma.,Calling
Call Walter Mitty,Calling
Call Wesley lee,Calling
Commence Call with Emma,Calling
Connect Call to Anthony,Calling
"Device, Call Anderson Edwards",Calling
Give a Call to Anthony Robinson,Calling
I want to Call Anthony Now,Calling
I want you to Call Anderson Nicole,Calling
Make a Call,Calling
Make a Call with Robinson Blake,Calling
Phone call to Mitchell,Calling
Please dial Anderson so I can talk to them,Calling
Please dial Ian right away,Calling
Please Start Call to Anthony Robinson,Calling
Ring up Miller,Calling
Show me Who is available Now,Calling
Show me Who's online,Calling
Start a Call for Robinson Blake,Calling
Start a Call with Michelle,Calling
Start a Phone call with Anthony,Calling
We are going to Call Anthony Now,Calling
Who's available?,Calling
Who's online?,Calling
Tell me about coronavirus,Corona
Tell me about the coronavirus,Corona
What is the coronavirus,Corona
What's the coronavirus,Corona
Corona virus,Corona
what is corona virus,Corona
What is COVID-19,Corona
show me photos of the corona virus,Corona
Corona virus pictures,Corona
What does corona virus look like,Corona
Breaking news on coronavirus,Corona
What's the latest on the coronavirus,Corona
Update on the coronavirus,Corona
What’s going on with coronavirus?,Corona
What are the symptoms of the coronavirus,Corona
Coronavirus symptoms,Corona
How many people have died from coronavirus?,Corona
Coronavirus news,Corona
Coronavirus updates,Corona
Coronavirus tips,Corona
How many people have died from the COVID-19,Corona
Bring up brightness.,Device
Brighten screen a bit.,Device
Bring down Brightness.,Device
Darken the screen.,Device
Bring up brightness by 1.,Device
Brighten screen by 1.,Device
Bring Down Brightness by 1.,Device
Darken the screen by 1.,Device
Bring up brightness by 20%.,Device
Brighten screen by 20%.,Device
Bring Down Brightness by 20%.,Device
Darken the screen by 20%,Device
Bring up brightness to 5.,Device
Bring Down Brightness to minimum.,Device
Darken the screen to minimum.,Device
"Current brightness setting, please.",Device
Tell me the screen brightness.,Device
Set brightness to 1,Device
Set brightness to 5,Device
Set brightness to 10,Device
set volume at 1,Device
set volume at 5,Device
set volume at 10,Device
volume to 100%,Device
Mute the volume,Device
Adjust the screen to 90% brightness,Device
As loud as possible please,Device
be quiet,Device
Brighten the screen,Device
change my brightness level to 2,Device
"
Close the app",Device
Could you turn this down a little bit,Device
current volume setting,Device
Decrease the screen's brightness a little.,Device
dim my screen,Device
dim my screen 80%,Device
display screen brightness,Device
"
Exit the app",Device
get screen brightness,Device
go home,Device
Go to my apps,Device
go to sleep,Device
"Turn ON Camera
",Device
Go to Superframe,Device
Go to the homescreen,Device
how bright is the screen,Device
how dim is the screen,Device
Increase brightness by 10%,Device
Increase the brightness.,Device
Lessen the brightness please.,Device
lower the brightness level by 3 levels,Device
Lower the screen brightness.,Device
make the screen less bright,Device
mute,Device
mute the microphone,Device
mute the sound,Device
Open Facebook Live,Device
open food network,Device
open frame,Device
Open homescreen,Device
open iHeart,Device
open iHeartRadio,Device
Open my Apps,Device
open news,Device
Open Newsy,Device
open Pandora,Device
open people,Device
Open Settings,Device
open spotify,Device
Open Superframe,Device
open videos,Device
open watch,Device
Please brighten the screen up,Device
Please increase the brightness some more,Device
"
please start smart camera",Device
Please turn up volume a little bit,Device
Put device to sleep,Device
Set brightness to level 10.,Device
screen brightness,Device
Set brightness to 100%,Device
Show me my superframe,Device
Show me the home screen,Device
show my favorites,Device
Sleep mode please,Device
softer,Device
turn down the brightness by 25%,Device
"
turn my smart camera on please",Device
"
turn off camera",Device
turn off device,Device
turn off microphone,Device
"
Turn off smart camera",Device
Turn off the volume,Device
turn on the microphone,Device
Turn the screen brightness down,Device
Turn up the brightness 90%.,Device
Turn up the volume,Device
Turn up volume to 9,Device
turn volume down to 4,Device
unmute,Device
what is the brightness,Device
what is the volume right now,Device
How many carlories does butter have?,Wolfarm_food
How many calories are in two slices of bread?,Wolfarm_food
How many carlories are in three eggs?,Wolfarm_food
How many calories are in two slices of swiss cheese?,Wolfarm_food
How many calories are in a cup of orange juice?,Wolfarm_food
How many calories are in a cup of soda?,Wolfarm_food
How much fat should a person eat daily?,Wolfarm_food
How much protein should a person eat daily?,Wolfarm_food
How many calories are in lasagna?,Wolfarm_food
How many calories are in fried rice?,Wolfarm_food
When is Taylor's birthday?,Music_QA
When is Donald's birthday?,Music_QA
When is Joe's birthday?,Music_QA
When is Tom's birthday?,Music_QA
When is Adam's birthday?,Music_QA
When is John's birthday?,Music_QA
When is Elvis' birthday?,Music_QA
When is Cher's birthday?,Music_QA
When is Mozart's birthday?,Music_QA
When is Taylor Swift's birthday?,Music_QA
When is Donald Trump's birthday?,Music_QA
When is Joe Biden's birthday?,Music_QA
When is John Legend's birthday?,Music_QA
When is Adam Driver's birthday?,Music_QA
When was Elaine born?,Music_QA
When was the born?,Music_QA
When was horse born?,Music_QA
When was Mark Zuckerberg born?,Music_QA
When was popcorn born?,Music_QA
When was Prince born?,Music_QA
When was Usher born?,Music_QA
When was John Stick born?,Music_QA
When was Patrick Paul born?,Music_QA
When was Eminem born?,Music_QA
When was Avicii born?,Music_QA
When was Sting born?,Music_QA
When was The Undertaker born?,Music_QA
When was Dababy born?,Music_QA
When was Meat Loaf born?,Music_QA
When was Christian Moran born?,Music_QA
Show photos,Device
Portal is in Portrait Orientation,Device
Portal is in Landscape Orientation,Device
Show photos of water,Device
Show photos of Snakes,Device
"
 ""Play the podcast Literally! with Rob Lowe",Music
"
 ""Play the podcast This Past Weekend",Music
"
 ""Play the podcast This Past Weekend",Music
"
 ""Play Duolingo Spanish Podcast",Music
"
 ""Play the podcast Myths & Legends",Music
"
 ""Play Why Won't you Date Me? on iHeartRadio",Music
"
 ""Play the podcast Myths & Legends",Music
"
 ""Play the podcast Pivot on iHeartRadio",Music
"
 ""Play The Mindset Mentor",Music
"
 ""Play the podcast The Weeds",Music
"
 ""Play the podcast The Rubin Report",Music
"
 ""Play the podcast Pivot",Music
"
 ""Play the podcast Why Won't you Date Me?",Music
"
 ""Play the podcast Duolingo Spanish Podcast",Music
"
 ""Play the podcast Literally! with Rob Lowe",Music
"
 ""Play the podcast The Weeds",Music
"
 ""Play the podcast The Mindset Mentor",Music
"Factory reset device to play the following podcasts for the ""first time""",Music
"
 ""Play The Matt Walsh Show on iHeartRadio",Music
"
 ""Play This Past Weekend",Music
"
 ""Play Pivot",Music
"
 ""Play The Weeds",Music
"
 ""Play the podcast The Rubin Report",Music
"
 ""Play the podcast Why Won't you Date Me?",Music
"
 ""Play the podcast Duolingo Spanish Podcast",Music
"
 ""Play Literally! with Rob Lowe",Music
"
 begin screen reader",Screen_Reader
"
 start screen reader",Screen_Reader
"
 set up screen reader",Screen_Reader
"
 enable screen reader",Screen_Reader
"
 turn on screen reader",Screen_Reader
"Pre-Conditions: Portal is on + portal is not muted 
 stop screen reader",Screen_Reader
"Pre-Conditions: Portal is on + portal is not muted 
 end screen reader",Screen_Reader
"Pre-Conditions: Portal is on + portal is not muted 
 exit screen reader",Screen_Reader
"Pre-Conditions: Portal is on + portal is not muted 
 quit screen reader",Screen_Reader
"Pre-Conditions: Portal is on + portal is not muted 
 disable screen reader",Screen_Reader
"Pre-Conditions: Portal is on + portal is not muted 
 turn off screen reader",Screen_Reader
"Pre-Conditions: Portal is on + portal is not muted 
 turn screen reader on",Screen_Reader
"Pre-Conditions: Portal is on + portal is not muted 
 turn screen reader off",Screen_Reader
"Pre-Conditions: Portal is on + portal is not muted 
 begin talk back",Screen_Reader
"Pre-Conditions: Portal is on + portal is not muted 
 start talk back",Screen_Reader
"Pre-Conditions: Portal is on + portal is not muted 
 set up talk back",Screen_Reader
"Pre-Conditions: Portal is on + portal is not muted 
 enable talk back",Screen_Reader
"Pre-Conditions: Portal is on + portal is not muted 
 turn on talk back",Screen_Reader
"Pre-Conditions: Portal is on + portal is not muted 
 stop talk back",Screen_Reader
"Pre-Conditions: Portal is on + portal is not muted 
 end talk back",Screen_Reader
"Pre-Conditions: Portal is on + portal is not muted 
 exit talk back",Screen_Reader
"Pre-Conditions: Portal is on + portal is not muted 
 quit talk back",Screen_Reader
"Pre-Conditions: Portal is on + portal is not muted 
 disable talk back",Screen_Reader
"Pre-Conditions: Portal is on + portal is not muted 
 turn off talk back",Screen_Reader
"Pre-Conditions: Portal is on + portal is not muted 
 turn talk back on",Screen_Reader
"Pre-Conditions: Portal is on + portal is not muted 
 turn talk back off",Screen_Reader
"Pre-Conditions: Portal is on + portal is not muted 
 begin talkback",Screen_Reader
"Pre-Conditions: Portal is on + portal is not muted 
 start talkback",Screen_Reader
"Pre-Conditions: Portal is on + portal is not muted 
 set up talkback",Screen_Reader
"Pre-Conditions: Portal is on + portal is not muted 
 enable talkback",Screen_Reader
"Pre-Conditions: Portal is on + portal is not muted 
 turn on talkback",Screen_Reader
"Pre-Conditions: Portal is on + portal is not muted 
 stop talkback",Screen_Reader
"Pre-Conditions: Portal is on + portal is not muted 
 end talkback",Screen_Reader
"Pre-Conditions: Portal is on + portal is not muted 
 exit talkback",Screen_Reader
"Pre-Conditions: Portal is on + portal is not muted 
 quit talkback",Screen_Reader
"Pre-Conditions: Portal is on + portal is not muted 
 disable talkback",Screen_Reader
"Pre-Conditions: Portal is on + portal is not muted 
 turn off talkback",Screen_Reader
"Pre-Conditions: Portal is on + portal is not muted 
 turn talkback on",Screen_Reader
"Pre-Conditions: Portal is on + portal is not muted 
 turn talkback off",Screen_Reader
Play iHeartRadio,Music
Turn off music,Music
"
Play some music""",Music
"Pause song""",Music
Resume music,Music
Pause the music,Music
Resume playing the song,Music
Stop the music,Music
Resume,Music
Stop this song,Music
Play,Music
Next song,Music
Play the next song please,Music
Skip this song,Music
Skip current track,Music
Previous song please,Music
Play the <Music Genre> Playlist,Music
Play <Artist>,Music
Play the album <Album: Dark side of the moon>,Music
Play <Track: Shake if off>,Music
Play <Album: Colors> by <Artist: Alabama Shakes>,Music
Play <Track: Gravity> by <Artist: John Mayer>,Music
Play <genre: Alternative Rock>,Music
Play <Playlist: 80s workout/Christmas Classical> playlist,Music
Play <genre> music,Music
Play <Live radio: 101.3/Wild 94.9/Kiss FM>,Music
Play some <ethnic> music,Music
Begin my workout playlist,Music
**Section four: Media controls.**,Music
Please put my current playlist on shuffle,Music
Like current song,Music
Dislike this song please,Music
"
What song is playing?",Music
Play Pandora,Music
"
**1.** - ""HP, Play some music""
",Music
"**2.** - ""HP, Pause song""
",Music
"**3.** - ""HP, Resume music""
",Music
"**5.** - ""HP, Resume playing the song""
",Music
"**6.** - ""HP, Stop the music""
",Music
"**7.** - ""HP, Resume""
",Music
"**8.** - ""HP, Stop this song""
",Music
"**9.** - ""HP, Play""
",Music
"**10.** - ""HP, Turn off music""
",Music
"**1.** - ""HP, Next song""
",Music
"**2.** - ""HP, Play the next song please""
",Music
"**3.** - ""HP, Skip this song""
",Music
"**4.** - ""HP, Skip current track""
",Music
"**5.** - ""HP, Play the last song again""
",Music
"**6.** - ""HP, Previous song please""
",Music
"**1.** - ""HP, Play the <Music Genre> Playlist""
",Music
"**2.** - ""Play <Artist>""
",Music
"**3.** - ""HP, Play me some <mood> music""

",Music
"**4.** - ""HP, Play some <genre>""
",Music
"**5.** - ""HP, Play <genre> music""
",Music
"**6.** - ""HP, Play me some <genre>""
",Music
"**7.** - ""HP, Play some <ethnic> music""
",Music
"**8.** - ""HP, Begin my workout playlist""
",Music
"**1.** - ""HP, Please put my current playlist on shuffle""
",Music
"**2.** - ""HP, Shuffle off""
",Music
"**3.** - ""HP, Play this playlist on shuffle""
",Music
"**4.** - ""HP, Switch shuffle off""
",Music
"**5.** - ""HP, Shuffle my playlist""
",Music
"**6.** - ""HP, Like current song""
",Music
"**7.** - ""HP, Dislike this song please.""
",Music
"
**1.** - ""HP, What song is playing?""
",Music
Play Pandora,Music
"
Play some music",Music
Pause song,Music
Resume music,Music
Pause the music,Music
Resume playing the song,Music
Stop the music,Music
Resume,Music
Stop this song,Music
Play,Music
Turn off music,Music
Next song,Music
Play the next song please,Music
Skip this song,Music
Skip current track,Music
Play the last song again,Music
Previous song please,Music
Play the <Music Genre> Playlist,Music
Play <Artist>,Music
Play me some <mood> music,Music
Play some <genre>,Music
Play <genre> music,Music
Play me some <genre>,Music
Play some <ethnic> music,Music
Begin my workout playlist,Music
Play this playlist on shuffle,Music
Switch shuffle off,Music
Like current song,Music
Dislike this song please.,Music
"
What song is playing?",Music
Play Spotify,Music
"
Play some music",Music
Pause song,Music
Resume music,Music
Pause the music,Music
Resume playing the song,Music
Stop the music,Music
Resume,Music
Stop this song,Music
Play,Music
Turn off music,Music
Next song,Music
Play the next song please,Music
Skip this song,Music
Skip current track,Music
Play the last song again,Music
Previous song please,Music
Play <Artist>,Music
"Play me some <mood> music""
",Music
"Play some <genre>
",Music
"Play <genre> musicExamples: 
",Music
"Play me some <genre>
",Music
"Play some <ethnic> music
",Music
Play <User_Playlist>,Music
Please put my current playlist on shuffle,Music
Shuffle off,Music
Play this playlist on shuffle,Music
Switch shuffle off,Music
Shuffle my playlist,Music
Like current song,Music
Dislike this song please.,Music
Loop on,Music
Loop off,Music
Turn repeat on,Music
Turn repeat off,Music
"
HP, What song is playing?""",Music
"
""HP, Pause""",Music
"
""HP, Resume""",Music
"
""HP, Go back""",Music
Play Spotify,Music
"
Play some music",Music
Pause song,Music
Resume music,Music
Pause the music,Music
Resume playing the song,Music
Stop the music,Music
Resume,Music
Stop this song,Music
Play,Music
Turn off music,Music
Next song,Music
Play the next song please,Music
Skip this song,Music
Skip current track,Music
Play the last song again,Music
Previous song please,Music
Play the <Music Genre> Playlist,Music
Play <Artist>,Music
Play some <genre>,Music
Play <genre> music,Music
Play me some <genre>,Music
"Play some <ethnic> music

",Music
Play <User_Playlist>,Music
Please put my current playlist on shuffle,Music
Shuffle off,Music
Switch shuffle off,Music
Shuffle my playlist,Music
Like current song,Music
Dislike this song please.,Music
Loop on,Music
Loop off,Music
Turn repeat on,Music
Turn repeat off,Music
"
What song is playing?",Music_QA
what instruments lady gaga plays,Music_QA
Where does lady gaga live?,Music_QA
what is lady gaga's full name,Music_QA
where did lana del rey study,Music_QA
where was ray charles born,Music_QA
what genre is brad paisleys album play,Music_QA
who is taylor swift's sister,Music_QA
what are some of ed sheeran's songs,Music_QA
where was ariana grande born,Music_QA
who is kanye west married to,Music_QA
how did elvis die,Music_QA
what are justin bieber's influences,Music_QA
what was bruno mars debut album,Music_QA
who was the lead singer of Aerosmith,Music_QA
who was the lead singer of the Ramones,Music_QA
how many albums has florence and the machine released,Music_QA
what year did jimi hendrix die,Music_QA
what genre of music does mumford and sons play,Music_QA
what are some albums by selena gomez,Music_QA
what is madonna's occupation,Music_QA
what is madonna's real name,Music_QA
who are miley cyrus' parents,Music_QA
what is mick jagger's religion,Music_QA
who wrote the soundtrack friends,Music_QA
who is steven tyler's daughter,Music_QA
who are the members of florence and the machines,Music_QA
where is nicki minaj from,Music_QA
When is Steven's birthday,Music_QA
When is Madonna's birthday,Music_QA
when was mick jagger born,Music_QA
When is Jimi's birthday,Music_QA
what are rihanna's labels,Music_QA
Nicki Minaj's birthday,Music_QA
where was cardi b born,Music_QA
"When is Hendrix's birthday
",Music_QA
When is Jimi Hendrix's birthday,Music_QA
"Who sang ""All I Wanna Do""?",Music_QA
What was Luke Combs' first album?,Music_QA
Who are the members of the band Bee Gees?,Music_QA
When was Louis Armstrong born?,Music_QA
Can you help me,Help
Help,Help
Please help,Help
What can I ask about?,Help
What can you do?,Help
"Precondition: Ask Portal to set an alarm or timer.
10 minutes",Alarm
"Precondition: Ask to set an alarm
7am today",Alarm
ask alexa for the time,Meta
ask alexa to tell me the weather,Meta
"
cancel",Meta
"Precondition: Ask the portal for something that needs a contact
John",Meta
"
Jones",Meta
"
Mike Smith",Meta
"Precondition: Have music or a video playing.
pause",Meta
play jazz on alexa,Meta
play taylor swift on spotify on alexa,Meta
"Precondition: Have music or a video paused.
Start",Meta
"Precondition: Have music or a video playing.
stop",Meta
"
the last one",Calling
"
the third one",Calling
"Precondition: Ask for something that will need a confirmation.
yes",Meta
any news?,News
"current news, please",News
Give me recent news,News
I want a news update,News
Show headlines.,News
show the news from newsy,News
What are the headlines?,News
What is in the news?,News
What's in the news?,News
what's the latest news from newsy,News
What's the latest news?,News
Open ABC News,News
Put on a cat,AR_effect
Turn off effect,AR_effect
Give me a cat hat,AR_effect
Stop effect,AR_effect
Make me a wolf,AR_effect
Put a cat on my head,AR_effect
Close effect,AR_effect
new look,AR_effect
Hide effect,AR_effect
show me a funny filter,AR_effect
delete effect,AR_effect
Show me a fun look,AR_effect
Remove effect,AR_effect
make me cute,AR_effect
Cat filter,AR_effect
Random mask,AR_effect
Give me glasses,AR_effect
Show me cat effects,AR_effect
pick an effect for me,AR_effect
Pick a mask for me,AR_effect
give me an effect,AR_effect
give me a mask with glasses,AR_effect
Give me a funny effect,AR_effect
Show me the effects,AR_effect
Start a filter,AR_effect
Add a mask,AR_effect
Make me a cat,AR_effect
Pick effects for me.,AR_effect
I want to be a cat,AR_effect
Open Photobooth,Device
Initiate a WA Call,Device
 cancel call,Device
call jenny smith,Device
end call,Device
hang up,Device
do i have any missed calls,Device
have an incoming call,Device
 hold,Device
ignore,Device
decline,Device
reject call,Device
don't answer,Device
switch calls,Device
wa call going on,Device
 add contact,Device
Be in an ongoing WA audio call,Device
 switch to video call,Device
call jenny smith and david jones,Device
any messages,Device
send a message,Device
send a video message,Device
take a photo,Device
take a video,Device
HP Open FB Watch,Device
HP Open FB Gaming,Device
HP Open FB Live,Device
 HP Setup WhatsApp,Calling
 HP Install WhatsApp,Calling
 HP Install WhatsApp,Calling
 HP Use WhatsApp,Calling
 HP Call Kim on WhatsApp (contact in your WhatsApp contact list),Calling
 HP Make a call to Kim with WhatsApp (contact in your WhatsApp contact list),Calling
 HP Place a WhatsApp call to Chris (contact in your WhatsApp contact list),Calling
 HP Call Faheem Rasheed Najm on WhatsApp (contact in your WhatsApp contact list),Calling
 HP Call Kim on WhatsApp (contact in your WhatsApp contact list),Calling
 HP Call 911,Calling
 HP Call <WA Group>,Calling
 HP Call <Contact: 1st name>,Calling
 HP Call <Contact: 1st name and last name>,Calling
 HP Call <<Contact: 1st and last name>>,Calling
" User: John Smith <<The first one, etc. >>",Calling
" User: HP Call John 
",Calling
 HP Cancel <<any time during the placing of the call>>,Calling
 HP Cancel call <<any time during the placing of the call>>,Calling
 HP Hang up the call <<any time after call connected>>,Calling
HP Hang up <<any time after call connected>>,Calling
 HP Answer,Calling
 HP Answer the call,Calling
HP Pick up the call,Calling
I wanna call [firstname] on whatsapp.,Calling
I wanna call [firstname] [lastname] on whatsapp.,Calling
Connect me to [firstname] on whatsapp.,Calling
 HP Decline,Calling
" HP call <contact> on WhatsApp
 HP Hang up",Calling
 Hp Call Kim on WhatsApp,Calling
HP Call Adalie on WhatsApp,Calling
" HP Call Adalie on WhatsApp
",Calling
HP Call Nemo on WhatsApp,Calling
" HP Call John on WhatsApp
",Calling
" HP Call John on WhatsApp
 Say First one/Second one"" in disamb screen",Calling
"
 HP Call John on WhatsApp
",Calling
" HP Call John on WhatsApp
",Calling
 HP open FB Watch,Calling
 HP Not now,Calling
 HP Cancel,Calling
" HP, Answer call - It asks user to tap on screen. (tap the End and Join button)",Calling
" HP, End call and join",Calling
" HP, Call <Contact> on WhatsApp.",Calling
 HP Call Kim on Whats app ( Kim is a WA contact for User2),Calling
 HP Call kim on WhatsApp,Calling
 HP Call Contact,Calling
" HP, What time is it?
 HP, Call Kim on WhatsApp",Calling
 HP Call James on Whats app,Calling
" HP call John on WhatsApp
",Calling
" HP call Adalie on Whatsapp
",Calling
"""Hey Portal, make a call on whatsapp"", disable wifi after 'call who' question
",Calling
1 - HP Help,Help
2 - HP What Can you do,Help
6 - **Touch Back** away from the Help Card 'Calling',Help
7 - Touch help Card 'Device Controls',Help
8 - **Touch Back** away from the Help Card 'Device Controls',Help
11 - Touch help Card 'Timers',Help
12 - **Touch Back** away from the Help Card 'Timers',Help
13 - Touch help Card 'Time & Date',Help
14 - **Touch Back** away from the Help Card 'Time & Date',Help
15 - Touch help Card 'Alarms',Help
16 - **Touch Back** away from the Help Card 'Alarms',Help
19 - Touch help Card 'Weather',Help
20 - **Touch Back** away from the Help Card 'Weather',Help
21 - Touch help Card 'Web browsing',Help
22 - **Touch Back** away from the Help Card 'Web browsing',Help
23 - **Say** an utterance from 'Calling domain' help card,Help
24 - **Say** an utterance from 'Device Controls' help card,Help
25 - **Say** an utterance from 'Timers' help card,Help
26 - **Say** an utterance from 'Time & Date' help card,Help
27 - **Say** an utterance from 'Alarms' help card,Help
28 - **Say** an utterance from 'Weather' help card,Help
30 - **Say** an utterance from 'Web browsing' help card,Help
"31 - **HP What can you do?**
",Help
**Pre-condition**: Portal Screen in PORTRAIT Mode,Help
32 - **HP Help**,Help
33 - **HP What Can you do**,Help
34 - **HP Show me the help screen**,Help
35 - **HP Show me what you can do**,Help
36 - Touch help Card 'Calling',Help
37 - **Touch Back** away from the Help Card 'Calling',Help
38 - Touch help Card 'Device Controls',Help
39 - **Touch Back** away from the Help Card 'Device Controls',Help
40 - Touch help Card 'Music',Help
41 - **Touch Back** away from the Help Card 'Music',Help
42 - Touch help Card 'Timers',Help
43 - **Touch Back** away from the Help Card 'Timers',Help
44 - Touch help Card 'Time & Date',Help
45 - **Touch Back** away from the Help Card 'Time & Date',Help
46 - Touch help Card 'Alarms',Help
47 - **Touch Back** away from the Help Card 'Alarms',Help
48. - Touch help Card 'Effects',Help
49 - **Touch Back** away from the Help Card 'Effects',Help
50 - Touch help Card 'Weather',Help
51 - **Touch Back** away from the Help Card 'Weather',Help
52 - Touch help Card 'Web browsing',Help
53 - **Touch Back** away from the Help Card 'Web browsing',Help
"
 ""Hey Portal, join a room""",Assistant_messenger
"
 ""Hey Portal, join [room name]""",Assistant_messenger
"
 ""Hey Portal, join Spiffy Wizzbang Room""",Assistant_messenger
"
 From Ambient, IE not logged in: ""Hey Portal, join [room name]""
",Assistant_messenger
"
 ""Hey Portal, leave [room name for a room that doesn't exist] room""",Assistant_messenger
"
 ""Hey Portal, leave room""",Assistant_messenger
"
 ""Hey Portal, leave room.""",Assistant_messenger
"
 ""Hey Portal, end room.""",Assistant_messenger
"
 ""Hey Portal, end room.""",Assistant_messenger
What's your mother's name?,Video_Messaging
video message who?,Video_Messaging
Send a video message,Video_Messaging
Record a video message,Video_Messaging
Sending Video message to Martin Hawkins,Video_Messaging
video message who?,Video_Messaging
Send a Video message to Nicolas Flinta to call me,Video_Messaging
Send a video message to Mom,Video_Messaging
What's your fahter's name?,Video_Messaging
Send a video message to mom to buy eggs,Video_Messaging
Who is your mom?,Video_Messaging
"message Martin , right?",Video_Messaging
"contact James Smith, Matt smith, Smith One",Video_Messaging
Record and send a Video message to Martin to call me,Video_Messaging
"Open Photo Booth, Assistant to launch Photo booth",Video_Messaging
stop recording,Video_Messaging
Use TOUCH or Device Remote to send message,Video_Messaging
Send a video message to Roomy Roomface,Video_Messaging
Stop sending the message,Video_Messaging
Record a video message to Larry Baldrige,Video_Messaging
Cancel the video,Video_Messaging
"Hey Roomy, I'd like to cancel my subscription to your newsletter",Video_Messaging
"Hey Roomy, I'd like you to stop by the store on the way home",Video_Messaging
